"","m0","notas.bcra","reserves","badlar","exchange","month","year","date","date2","regime","convertion1","convertion2","notas.bcra.dollars","m0.dollars","m0.frac","notas.bcra.frac"
"135",NA,71.8858,NA,NA,2.3989,3,2002,"2002-3",2002-03-01,"NK",NA,NA,29.9661511526116,NA,NA,NA
"155",NA,270.249,NA,NA,3.3287,5,2002,"2002-5",2002-05-01,"NK",NA,NA,81.1875506954667,NA,NA,NA
"115",NA,447.504,NA,NA,3.6213,6,2002,"2002-6",2002-06-01,"NK",NA,NA,123.575511556623,NA,NA,NA
"95",NA,708.865,NA,NA,3.6071,7,2002,"2002-7",2002-07-01,"NK",NA,NA,196.51936458651,NA,NA,NA
"19",NA,1367.54,NA,NA,3.6207,8,2002,"2002-8",2002-08-01,"NK",NA,NA,377.700444665396,NA,NA,NA
"213",NA,1722.18,NA,NA,3.6431,9,2002,"2002-9",2002-09-01,"NK",NA,NA,472.723779199034,NA,NA,NA
"194",NA,2091.82,NA,NA,3.6519,10,2002,"2002-10",2002-10-01,"NK",NA,NA,572.803198335113,NA,NA,NA
"175",NA,2499.4,NA,NA,3.5256,11,2002,"2002-11",2002-11-01,"NK",NA,NA,708.928976628092,NA,NA,NA
"38",NA,2450.82,NA,NA,3.4902,12,2002,"2002-12",2002-12-01,"NK",NA,NA,702.20044696579,NA,NA,NA
"57",29610,3038.82,9914.68,16.9375,3.2582,1,2003,"2003-1",2003-01-01,"NK",2.98648065293081,3.29297768561366,932.668344484685,9087.83991160764,0.906924048097297,0.0930759519027028
"76",29420,3539.45,9652.3,24.6875,3.1632,2,2003,"2003-2",2003-02-01,"NK",3.04797820208655,3.41467318670162,1118.94600404654,9300.708143652,0.892611982299462,0.107388017700538
"136",30388,3577.07,10372.9,25.125,3.0747,3,2003,"2003-3",2003-03-01,"NK",2.92955682595995,3.27440445776977,1163.38829804534,9883.24064136339,0.894683861979381,0.105316138020619
"156",33105,4093.68,11086.9,9.5,2.8357,5,2003,"2003-5",2003-05-01,"NK",2.98595639899341,3.35519216372476,1443.62238600698,11674.3661177134,0.88995093374281,0.11004906625719
"116",36160,4652.31,11763.2,5.25,2.8089,6,2003,"2003-6",2003-06-01,"NK",3.07399347116431,3.46949044477693,1656.27469828047,12873.3667983908,0.88600718753729,0.11399281246271
"96",37977,6089.13,12774.1,2.875,2.8013,7,2003,"2003-7",2003-07-01,"NK",2.97296874143775,3.44964655044191,2173.68007710706,13556.9200014279,0.861818362538303,0.138181637461697
"20",38974,6791.28,13401.7,3.5625,2.9285,8,2003,"2003-8",2003-08-01,"NK",2.90813851974003,3.41488617115739,2319.03022024927,13308.5197199932,0.8516062831911,0.1483937168089
"214",39726,6927.92,12453.7,4.125,2.9209,9,2003,"2003-9",2003-09-01,"NK",3.18989537245959,3.74618948585561,2371.84429456674,13600.6025540073,0.85150401080981,0.14849598919019
"195",41729,7646.74,13246.9,3.375,2.8591,10,2003,"2003-10",2003-10-01,"NK",3.15009549404012,3.72734300100401,2674.52694903991,14595.1523206603,0.845131637520774,0.154868362479226
"176",43498,8243.25,13284.7,3.1875,2.8839,11,2003,"2003-11",2003-11-01,"NK",3.27429298365789,3.89480003312081,2858.36887548112,15083.0472623877,0.840683207305583,0.159316792694417
"39",45378,8506.17,13819.9,2.8125,2.9606,12,2003,"2003-12",2003-12-01,"NK",3.28352592999949,3.89902748934507,2873.12369114369,15327.2985205702,0.842139723039253,0.157860276960747
"58",46973,9175.84,14484.2,1.5,2.8928,1,2004,"2004-1",2004-01-01,"NK",3.24305104872896,3.87655790447522,3171.95796460177,16237.9009955752,0.836580061137505,0.163419938862495
"77",46885,10187,15009.1,1.125,2.9319,2,2004,"2004-2",2004-02-01,"NK",3.12377157857566,3.80249315415315,3474.53869504417,15991.3366758757,0.821506167647883,0.178493832352117
"137",44566,10728.3,13506.8,1.6875,2.8976,3,2004,"2004-3",2004-03-01,"NK",3.29952320312731,4.09381200580448,3702.47791275538,15380.3147432358,0.80597819305064,0.19402180694936
"1",46092,11309.6,15254.8,1.8125,2.8359,4,2004,"2004-4",2004-04-01,"NK",3.02147520780345,3.76285497023888,3988.01086074967,16253.0413625304,0.802974133125209,0.197025866874791
"157",47122,11905.8,16252.1,3.875,2.9197,5,2004,"2004-5",2004-05-01,"NK",2.89944068766498,3.63201063247211,4077.74771380621,16139.3293831558,0.798301817109904,0.201698182890096
"117",47984,12345.5,17240.3,2.4375,2.9603,6,2004,"2004-6",2004-06-01,"NK",2.78324623121407,3.49933005806163,4170.35435597743,16209.1679897308,0.795365451396083,0.204634548603917
"97",46495,12671.6,17921.8,4,2.9552,7,2004,"2004-7",2004-07-01,"NK",2.5943264627437,3.30137597785937,4287.89929615593,15733.2837033027,0.785831871359855,0.214168128640145
"21",46507,12885.9,18062,4.4375,3.0136,8,2004,"2004-8",2004-08-01,"NK",2.57485328313587,3.28827926032555,4275.91584815503,15432.3732413061,0.783039723603326,0.216960276396674
"215",46335,12879.3,18199.9,5.1875,2.996,9,2004,"2004-9",2004-09-01,"NK",2.5458931093028,3.25355084368595,4298.83177570093,15465.6208277704,0.782496795537564,0.217503204462436
"196",46560,12998.6,18388.3,4.375,2.9692,10,2004,"2004-10",2004-10-01,"NK",2.53204483285567,3.23893997813827,4377.81220530783,15680.9915128654,0.781751082127518,0.218248917872482
"177",47131,13551.2,18719.7,4.125,2.9546,11,2004,"2004-11",2004-11-01,"NK",2.51772197204015,3.24162246189843,4586.47532660935,15951.736275638,0.776685749692661,0.223314250307339
"40",50537,13626.8,19309.9,4,2.9709,12,2004,"2004-12",2004-12-01,"NK",2.61715493089037,3.32284475838818,4586.75822141439,17010.6701672894,0.787624797783174,0.212375202216826
"59",50094,14394.5,19840.8,2.875,2.946,1,2005,"2005-1",2005-01-01,"NK",2.52479738720213,3.25029736704165,4886.11676849966,17004.0733197556,0.776789660171969,0.223210339828031
"78",49467,15134.7,20526.3,2.875,2.9153,2,2005,"2005-2",2005-02-01,"NK",2.40993262302509,3.14726472866518,5191.4725757212,16968.0650361884,0.765722883453531,0.234277116546469
"138",50981,16103.4,20741.4,3.3125,2.9266,3,2005,"2005-3",2005-03-01,"NK",2.45793437280029,3.23432362328483,5502.42602337183,17419.8728900431,0.759953133664458,0.240046866335541
"2",49923,16901.8,20618.3,4.6875,2.9004,4,2005,"2005-4",2005-04-01,"NK",2.42129564513078,3.24104315098723,5827.40311681147,17212.4534546959,0.747072942979253,0.252927057020747
"158",50981,17968.2,21601.6,5,2.8909,5,2005,"2005-5",2005-05-01,"NK",2.36005666246945,3.19185615880305,6215.43463973157,17634.9925628697,0.739399441907955,0.260600558092045
"118",51522,21484,22559.4,5.9375,2.8836,6,2005,"2005-6",2005-06-01,"NK",2.28383733609936,3.23616762857168,7450.40921070884,17867.2492717437,0.705722817302687,0.294277182697313
"98",54367,22842,24015,6.1875,2.8696,7,2005,"2005-7",2005-07-01,"NK",2.26387674370185,3.21503227149698,7959.99442431001,18945.8461109562,0.704153660842648,0.295846339157352
"22",54165,23944.2,25079.9,5.5,2.888,8,2005,"2005-8",2005-08-01,"NK",2.15969760644979,3.11441433179558,8290.92797783934,18755.1939058172,0.693452243781782,0.306547756218218
"216",53118,25303.7,25580.7,6.0625,2.9117,9,2005,"2005-9",2005-09-01,"NK",2.07648735179256,3.06565887563671,8690.35271490882,18242.9508534533,0.677338032712884,0.322661967287116
"197",55092,26619.3,26046.7,6.3125,2.966,10,2005,"2005-10",2005-10-01,"NK",2.11512398883544,3.13710757984697,8974.8145650708,18574.5111260957,0.674227432435905,0.325772567564095
"178",55906,26562.9,26501,7.875,2.9672,11,2005,"2005-11",2005-11-01,"NK",2.10958077053696,3.11191653145164,8952.17713669453,18841.3318953896,0.677904034126804,0.322095965873196
"41",55827,25989.2,27262.4,7.625,3.0145,12,2005,"2005-12",2005-12-01,"NK",2.0477654205059,3.00106373613475,8621.39658318129,18519.4891358434,0.682346527949233,0.317653472050767
"60",59355,25578.8,19607.7,8.0625,3.046,1,2006,"2006-1",2006-01-01,"NK",3.02712709802782,4.33165542108457,8397.50492449114,19486.2114248194,0.698838389428001,0.301161610571998
"79",58426,25725.6,20058.8,7.375,3.0689,2,2006,"2006-2",2006-02-01,"NK",2.91273655452968,4.19524597682813,8382.67783244811,19038.0918244322,0.694294582634198,0.305705417365802
"139",58490,27751.1,20872.7,8.625,3.0763,3,2006,"2006-3",2006-03-01,"NK",2.80222491579911,4.13176541606979,9020.93423918343,19013.1001527809,0.678214911451733,0.321785088548268
"3",60229,27845.4,21865.8,9,3.0663,4,2006,"2006-4",2006-04-01,"NK",2.75448417162875,4.02795232737883,9081.10752372566,19642.2398330235,0.68384229696711,0.31615770303289
"159",61105,29115.1,23691.5,8.9375,3.0535,5,2006,"2006-5",2006-05-01,"NK",2.5791950699618,3.80812105607496,9534.99263140658,20011.4622564271,0.677288098771781,0.322711901228219
"119",62726,30337.6,24837.2,9.125,3.0813,6,2006,"2006-6",2006-06-01,"NK",2.52548596460148,3.74694409997906,9845.71447116477,20356.9921786259,0.674012180917136,0.325987819082864
"99",65135,32484.8,26041.5,9.4375,3.082,7,2006,"2006-7",2006-07-01,"NK",2.50120000768005,3.74862431119559,10540.1687216093,21134.0038935756,0.667231442801563,0.332768557198437
"23",67267,34561.9,27023.6,9.4375,3.079,8,2006,"2006-8",2006-08-01,"NK",2.48919462987907,3.76814710105241,11225.0405975966,21847.0282559272,0.660588496978756,0.339411503021244
"217",69160,36831,27739.5,9.5,3.1001,9,2006,"2006-9",2006-09-01,"NK",2.49319562356928,3.82094125705222,11880.5844972743,22308.9577755556,0.652508231831004,0.347491768168995
"198",70174,37820.5,28389.6,9.5625,3.0985,10,2006,"2006-10",2006-10-01,"NK",2.47182066672303,3.8040162594753,12206.0674519929,22647.7327739229,0.64979235053637,0.35020764946363
"179",71843,39532.3,29760,9.75,3.0757,11,2006,"2006-11",2006-11-01,"NK",2.41407930107527,3.74244959677419,12853.1066098774,23358.2599083136,0.645053256871137,0.354946743128863
"42",76825,39625.6,31167.1,9.875,3.0603,12,2006,"2006-12",2006-12-01,"NK",2.46493899015308,3.73633093871422,12948.2730451263,25103.7479985622,0.659721804782457,0.340278195217543
"61",78063,41041.9,32827.5,8.9375,3.085,1,2007,"2007-1",2007-01-01,"NK",2.37797578249943,3.62820501104257,13303.6952998379,25304.0518638574,0.655413841076228,0.344586158923772
"80",76906,44885,34225.6,8,3.1026,2,2007,"2007-2",2007-02-01,"NK",2.24703146182974,3.55847669580665,14466.8987300973,24787.5974988719,0.631458810585347,0.368541189414653
"140",78363,48129.9,35875.8,8.3125,3.101,3,2007,"2007-3",2007-03-01,"NK",2.18428578596157,3.52585586941615,15520.7674943567,25270.2354079329,0.619505126374682,0.380494873625318
"4",79688,50577.6,37646.7,7.6875,3.0891,4,2007,"2007-4",2007-04-01,"NK",2.11673267510831,3.46021298015497,16372.9241526658,25796.5103104464,0.611734794143657,0.388265205856343
"160",81024,54417.1,39632.5,7.75,3.08,5,2007,"2007-5",2007-05-01,"NK",2.04438276666877,3.41742509304233,17667.8896103896,26306.4935064935,0.598223139061924,0.401776860938076
"120",83649,57793.3,41937.6,8.1875,3.0793,6,2007,"2007-6",2007-06-01,"NK",1.9946062721758,3.37268465529739,18768.3239697334,27164.9400837853,0.591400168125094,0.408599831874906
"100",87663,59048.9,43869.1,9.9375,3.1116,7,2007,"2007-7",2007-07-01,"NK",1.9982858093738,3.34431068793296,18977.021468055,28172.9656768222,0.597517992746328,0.402482007253672
"24",88327,58251.5,43730.8,11.5,3.1524,8,2007,"2007-8",2007-08-01,"NK",2.01978925608496,3.35183669175958,18478.4608552214,28018.9696738992,0.602591785289111,0.397408214710889
"218",87831,56947.5,42931.5,11.75,3.1475,9,2007,"2007-9",2007-09-01,"NK",2.04584046679012,3.37231403514902,18092.9308975377,27905.0039714059,0.606657756503901,0.393342243496099
"199",88171,55836.2,42723.4,13.375,3.1604,10,2007,"2007-10",2007-10-01,"NK",2.06376365176929,3.37068678990904,17667.4471585875,27898.6837109227,0.612267997711226,0.387732002288774
"180",89509,53952.9,43792.3,13.8125,3.1359,11,2007,"2007-11",2007-11-01,"NK",2.04394379833898,3.27596175583379,17204.9172486368,28543.3208967123,0.623921752047059,0.376078247952941
"43",96348,51079.6,45710.8,13.625,3.1397,12,2007,"2007-12",2007-12-01,"NK",2.10777321770785,3.22522467338135,16268.9428926331,30687.0083128961,0.653527562003316,0.346472437996684
"62",97567,50619.3,46910,8.75,3.1444,1,2008,"2008-1",2008-01-01,"CFK1",2.07987635898529,3.15894905137497,16098.2381376415,31028.8131281007,0.658407693558716,0.341592306441284
"81",95281,52872.9,48407.4,8.875,3.1583,2,2008,"2008-2",2008-02-01,"CFK1",1.96831476179262,3.06056305440904,16740.9365798056,30168.445049552,0.643121780796861,0.356878219203139
"141",100723,55079.7,50039.1,8.3125,3.1558,3,2008,"2008-3",2008-03-01,"CFK1",2.01288592320805,3.11361914982484,17453.4824767095,31916.7881361303,0.646477885171438,0.353522114828562
"5",98038,55082.7,50329.9,9.75,3.1665,4,2008,"2008-4",2008-04-01,"CFK1",1.94790770496266,3.0423406364805,17395.4523922312,30960.9979472604,0.640266142983934,0.359733857016066
"161",98765,53046.3,49448.8,16.9375,3.1511,5,2008,"2008-5",2008-05-01,"CFK1",1.99731843846565,3.07007045671482,16834.2166227667,31343.0230713084,0.650577394436383,0.349422605563617
"121",100512,49945.5,47918.3,16.25,3.0434,6,2008,"2008-6",2008-06-01,"CFK1",2.09757023934488,3.13987557989328,16411.0862850759,33026.2206742459,0.668042470465081,0.331957529534918
"101",100676,47985.2,47600.4,12.6875,3.0223,7,2008,"2008-7",2008-07-01,"CFK1",2.11502424349375,3.12310820917471,15877.0472818714,33311.0544949211,0.677217727288627,0.322782272711373
"25",100723,48143.1,47300.4,12.1875,3.0333,8,2008,"2008-8",2008-08-01,"CFK1",2.12943230924051,3.14724822623065,15871.5260607259,33205.7495137309,0.676601321590342,0.323398678409658
"219",101628,48687.7,47072.2,12.5625,3.0824,9,2008,"2008-9",2008-09-01,"CFK1",2.15898130956276,3.19330092921087,15795.3867116533,32970.4126654555,0.676097041094177,0.323902958905823
"200",102453,47547.3,46608.2,23,3.2385,10,2008,"2008-10",2008-10-01,"CFK1",2.1981754283581,3.21832424337348,14681.8897637795,31635.9425660028,0.683018633962732,0.316981366037268
"181",101146,44292.4,45663.5,18.6875,3.3292,11,2008,"2008-11",2008-11-01,"CFK1",2.21502950934554,3.18500333964764,13304.2172293644,30381.4730265529,0.695455945609963,0.304544054390037
"44",106439,39363.6,46198.4,19.75,3.4226,12,2008,"2008-12",2008-12-01,"CFK1",2.30395424949782,3.15600973193877,11501.0810494945,31098.8722024192,0.730021275340769,0.269978724659231
"63",105121,37914.4,46789.4,13.0625,NA,1,2009,"2009-1",2009-01-01,"CFK1",2.24668407801767,3.05700436423634,NA,NA,NA,NA
"82",102740,37871.8,47058,11.8125,NA,2,2009,"2009-2",2009-02-01,"CFK1",2.18326320710612,2.98805304092822,NA,NA,NA,NA
"142",101348,34947.4,46933.5,12.375,NA,3,2009,"2009-3",2009-03-01,"CFK1",2.15939574078217,2.90401099427914,NA,NA,NA,NA
"6",99835,34786.6,46268.2,12.75,NA,4,2009,"2009-4",2009-04-01,"CFK1",2.15774549258454,2.90959233339529,NA,NA,NA,NA
"162",99649,35153,46556.3,12.9375,NA,5,2009,"2009-5",2009-05-01,"CFK1",2.14039775497623,2.89546205347074,NA,NA,NA,NA
"122",103652,33823.7,46385.1,12.9375,NA,6,2009,"2009-6",2009-06-01,"CFK1",2.23459688563785,2.96379009638871,NA,NA,NA,NA
"102",105960,33109.5,45992.2,13.1875,NA,7,2009,"2009-7",2009-07-01,"CFK1",2.3038689169033,3.0237627249838,NA,NA,NA,NA
"26",105293,34925.6,44850.8,12.5,NA,8,2009,"2009-8",2009-08-01,"CFK1",2.34762813595298,3.12633442435809,NA,NA,NA,NA
"220",106268,38605.1,45192.8,12.1875,3.8424,9,2009,"2009-9",2009-09-01,"CFK1",2.35143651201076,3.20566771698147,10047.1320008328,27656.6729127629,0.733524719219786,0.266475280780214
"201",107280,40923.6,45733,11.375,3.8262,10,2009,"2009-10",2009-10-01,"CFK1",2.3457896923447,3.24062711827346,10695.6249019915,28038.2625058805,0.723869055812409,0.276130944187591
"182",109548,44113.1,46803.8,10.0625,3.811,11,2009,"2009-11",2009-11-01,"CFK1",2.34057918374149,3.28309026190181,11575.2033586985,28745.2112306481,0.712919535262991,0.287080464737009
"45",118661,44593.1,47716.7,10,3.807,12,2009,"2009-12",2009-12-01,"CFK1",2.48678135747024,3.42131999907789,11713.4489099028,31169.1620698713,0.726848514064884,0.273151485935116
"64",121668,43571.4,48116.4,9.75,3.8042,1,2010,"2010-1",2010-01-01,"CFK1",2.52861810110482,3.43415966281767,11453.4987645234,31982.5456074865,0.736313494239267,0.263686505760733
"83",119268,43395.3,47958.7,9.5,3.8512,2,2010,"2010-2",2010-02-01,"CFK1",2.48688976139887,3.39173705709287,11267.9943913585,30969.048608226,0.733220093284717,0.266779906715282
"143",120224,45806,47681.9,9.375,3.8627,3,2010,"2010-3",2010-03-01,"CFK1",2.52137603577039,3.48203406323993,11858.544541383,31124.3430760867,0.724110100584232,0.275889899415768
"7",120496,48156.5,47551.8,9.25,3.8761,4,2010,"2010-4",2010-04-01,"CFK1",2.53399450704285,3.54671116550793,12423.957070251,31086.9172621965,0.714463171313796,0.285536828686204
"163",123554,50317.5,48470.7,9.75,3.902,5,2010,"2010-5",2010-05-01,"CFK1",2.54904509322127,3.58714646167685,12895.310097386,31664.2747309072,0.710605245828097,0.289394754171903
"123",126748,53197.3,49229,10.3125,3.9265,6,2010,"2010-6",2010-06-01,"CFK1",2.57466127688964,3.65527026752524,13548.27454476,32280.1477142493,0.704369605652384,0.295630394347616
"103",133808,56108.6,50448.5,10.4375,3.9348,7,2010,"2010-7",2010-07-01,"CFK1",2.65236825673707,3.76456386215646,14259.5811731219,34006.3027345735,0.7045618971696,0.2954381028304
"27",135535,61231.4,50209.7,10.375,3.9376,8,2010,"2010-8",2010-08-01,"CFK1",2.69937880529061,3.91889216625473,15550.4368143031,34420.713124746,0.688811707689931,0.311188292310069
"221",137879,66234.6,50920.1,10.4375,3.9519,9,2010,"2010-9",2010-09-01,"CFK1",2.70775194864111,4.00850744597909,16760.1913003872,34889.2937574331,0.675501289478016,0.324498710521984
"202",142096,69126.6,51606.9,10.875,3.957,10,2010,"2010-10",2010-10-01,"CFK1",2.75343025835693,4.09291393205172,17469.446550417,35910.0328531716,0.672731042984984,0.327268957015016
"183",145411,69704.6,52236.1,10.9375,3.9676,11,2010,"2010-11",2010-11-01,"CFK1",2.78372619701701,4.11814051967892,17568.4544812985,36649.6118560339,0.675966782511357,0.324033217488643
"46",156104,70713.2,52132.3,11.25,3.9776,12,2010,"2010-12",2010-12-01,"CFK1",2.99438160219288,4.35079979206749,17777.855993564,39245.7763475463,0.688237047278601,0.311762952721399
"65",162719,72842.9,52364.9,11.125,3.9813,1,2011,"2011-1",2011-01-01,"CFK1",3.10740591503087,4.49846939457537,18296.2600155728,40870.8210885892,0.690769602384766,0.309230397615234
"84",162465,76410.2,52427,11,4.022,2,2011,"2011-2",2011-02-01,"CFK1",3.09888034791234,4.55633929082343,18998.0606663352,40394.082545997,0.680125019256917,0.319874980743083
"144",164445,79331.6,52287.1,11.125,4.0372,3,2011,"2011-3",2011-03-01,"CFK1",3.1450395986773,4.6622704261663,19650.1535717824,40732.4383235906,0.674572538955749,0.325427461044251
"8",167839,82774.6,51637.3,10.8125,4.0655,4,2011,"2011-4",2011-04-01,"CFK1",3.25034422791277,4.85334438477612,20360.2508916492,41283.7289386299,0.669712258233392,0.330287741766608
"164",171485,84040.5,51986.8,11.3125,4.0839,5,2011,"2011-5",2011-05-01,"CFK1",3.29862580501204,4.91519962759777,20578.4911481672,41990.4992776513,0.671107188910696,0.328892811089304
"124",176931,86178.1,52094.3,11.4375,4.096,6,2011,"2011-6",2011-06-01,"CFK1",3.39636006242526,5.05063125908209,21039.5751953125,43196.044921875,0.672462487994524,0.327537512005476
"104",186025,85137.1,51852.2,12,4.1276,7,2011,"2011-7",2011-07-01,"CFK1",3.58760091182245,5.22951967322505,20626.296152728,45068.5628452369,0.686028762869147,0.313971237130853
"28",188973,80434.8,50387.8,12.625,4.168,8,2011,"2011-8",2011-08-01,"CFK1",3.75037211388471,5.34668709489202,19298.1765834933,45339.0115163148,0.70143848841793,0.29856151158207
"222",190570,78314.5,49421,14,4.2042,9,2011,"2011-9",2011-09-01,"CFK1",3.85605309483823,5.44069322757532,18627.6818419676,45328.4810427668,0.708742973284068,0.291257026715932
"203",191897,75622.5,48038.1,20.0625,4.2221,10,2011,"2011-10",2011-10-01,"CFK1",3.99468338672845,5.56890260022774,17911.1105847801,45450.6051490964,0.717319672023909,0.282680327976091
"184",196055,70114.7,46464.7,18.9375,4.2601,11,2011,"2011-11",2011-11-01,"CFK1",4.21943970368904,5.7284282476805,16458.4634163517,46021.2201591512,0.736578956958662,0.263421043041338
"47",210100,65208.9,45982.5,17.1875,4.2888,12,2011,"2011-12",2011-12-01,"CFK1",4.56912956015876,5.98725384657207,15204.4627867935,48988.0619287446,0.763142782525374,0.236857217474626
"66",220630,69348.6,46557.3,15.0625,4.3206,1,2012,"2012-1",2012-01-01,"CFK2",4.73889164534885,6.22842389915223,16050.6874045272,51064.6669444059,0.760849248875607,0.239150751124393
"85",207845,74690.7,46811.2,13.5,4.3463,2,2012,"2012-2",2012-02-01,"CFK2",4.44006989780224,6.03564317941006,17184.892897407,47821.1352184617,0.735641549014868,0.264358450985132
"145",216343,76798.6,47168.3,12.25,4.3563,3,2012,"2012-3",2012-03-01,"CFK2",4.58661855525851,6.21480104222539,17629.3184583247,49662.0985698873,0.738015348213969,0.261984651786031
"9",220604,77749.6,47462.3,11.75,4.3978,4,2012,"2012-4",2012-04-01,"CFK2",4.64798376816968,6.28611761334786,17679.2032379826,50162.3539042248,0.739404518665101,0.260595481334899
"165",223779,80550.8,47435.8,11.75,4.4504,5,2012,"2012-5",2012-05-01,"CFK2",4.71751293326981,6.41561436720789,18099.676433579,50282.8959194679,0.735317408942535,0.264682591057465
"125",236884,81983.1,46603.6,13.625,4.4978,6,2012,"2012-6",2012-06-01,"CFK2",5.0829549648525,6.84211305564377,18227.3778291609,52666.6370225444,0.742892571858307,0.257107428141693
"105",252128,81588.1,46647.2,13.5,4.5528,7,2012,"2012-7",2012-07-01,"CFK2",5.40499751324838,7.1540435438783,17920.4225970831,55378.668072395,0.755516440471407,0.244483559528593
"29",258124,82539.1,45256.6,14.4375,4.6098,8,2012,"2012-8",2012-08-01,"CFK2",5.70356588873225,7.52736838383794,17905.1368822942,55994.6201570567,0.757710477007929,0.24228952299207
"223",261624,84295.4,45228,14.875,4.6699,9,2012,"2012-9",2012-09-01,"CFK2",5.78455823825949,7.64834615724772,18050.7933788732,56023.4694533073,0.756314910351949,0.243685089648051
"204",265126,84152.3,45062.2,14.875,4.7299,10,2012,"2012-10",2012-10-01,"CFK2",5.88355650634013,7.75102635912139,17791.5600752659,56053.1935136049,0.759068055473243,0.240931944526757
"185",271961,82755.2,45314.9,15.5625,4.7974,11,2012,"2012-11",2012-11-01,"CFK2",6.00158005424264,7.82780498246714,17250.0104223121,56689.2483428524,0.766700252201619,0.233299747798381
"48",292138,80377.5,44134,15.4375,4.88,12,2012,"2012-12",2012-12-01,"CFK2",6.6193410975665,8.44055603389677,16470.7991803279,59864.3442622951,0.784230454840134,0.215769545159866
"67",298282,83261.2,42953.9,14.9375,4.9486,1,2013,"2013-1",2013-01-01,"CFK2",6.94423556417461,8.88262067006721,16825.203087742,60276.037667219,0.781777790824211,0.218222209175789
"86",292390,93122.9,42180.9,13.9375,5.0111,2,2013,"2013-2",2013-02-01,"CFK2",6.93181036914812,9.13951338164904,18583.325018459,58348.4664045818,0.758444140260936,0.241555859739065
"146",297163,96576.6,41152.9,14.875,5.084,3,2013,"2013-3",2013-03-01,"CFK2",7.220949191916,9.56772426730558,18996.1841070024,58450.6294256491,0.754719616721305,0.245280383278695
"10",297658,94574.9,40075.2,15.3125,5.1555,4,2013,"2013-4",2013-04-01,"CFK2",7.42748632570767,9.78742214636484,18344.4670739986,57736.0100863156,0.758880756815657,0.241119243184343
"166",300486,94742.5,39015.4,16.625,5.2399,5,2013,"2013-5",2013-05-01,"CFK2",7.7017280355962,10.130064026,18080.9748277639,57345.7508731083,0.760284240635481,0.239715759364519
"126",311003,94597,38234,17.125,5.3292,6,2013,"2013-6",2013-06-01,"CFK2",8.13419992676675,10.6083590521525,17750.6942880733,58358.2901748855,0.766772682445759,0.233227317554241
"106",323597,92908,37310.2,17.6875,5.4409,7,2013,"2013-7",2013-07-01,"CFK2",8.67315104180626,11.163301188415,17075.8514216398,59474.9030491279,0.77693425048919,0.22306574951081
"30",326429,94630.6,37001.2,18.0625,5.5814,8,2013,"2013-8",2013-08-01,"CFK2",8.82211928261786,11.3796201204285,16954.6350378041,58485.1470957108,0.775256044512463,0.224743955487537
"224",329769,99490.8,35611.8,17.1875,5.7371,9,2013,"2013-9",2013-09-01,"CFK2",9.26010479672468,12.0538641686183,17341.6534486064,57480.0857576127,0.768227073674264,0.231772926325736
"205",334634,102400,34221.2,19.1875,5.8482,10,2013,"2013-10",2013-10-01,"CFK2",9.77855832057321,12.7708554930862,17509.6610923019,57219.9993160289,0.765693287021147,0.234306712978853
"186",338343,101621,32244.4,19.1875,6.0149,11,2013,"2013-11",2013-11-01,"CFK2",10.4930778677848,13.6446638796194,16894.8777203279,56250.8104872899,0.769024283805039,0.230975716194961
"49",361580,96925.2,30611.7,21.625,6.3192,12,2013,"2013-12",2013-12-01,"CFK2",11.8118235837931,14.9781031435693,15338.2073680213,57219.2682618053,0.788606105230649,0.21139389476935
"68",368236,98895.8,29620.7,25.375,7.0967,1,2014,"2014-1",2014-01-01,"CFK2",12.4317116070856,15.7704510696911,13935.4629616582,51888.3424690349,0.788291441516078,0.211708558483923
"87",347707,121702,27678.1,26.25,7.8565,2,2014,"2014-2",2014-02-01,"CFK2",12.5625313876314,16.9595817631991,15490.6128683256,44257.2392286642,0.740733560711448,0.259266439288552
"147",351349,130690,27331.5,26.375,7.9313,3,2014,"2014-3",2014-03-01,"CFK2",12.8550939392276,17.6367561238864,16477.7527013226,44299.0430320376,0.728880858187823,0.271119141812177
"11",354170,140135,27679.9,25.8125,8.0013,4,2014,"2014-4",2014-04-01,"CFK2",12.7952051849898,17.8579041109253,17514.0289702923,44264.0570907228,0.716500945772347,0.283499054227653
"167",353311,156972,28386.4,24,8.0427,5,2014,"2014-5",2014-05-01,"CFK2",12.4464884592622,17.9763196460277,19517.3262710284,43929.4018177975,0.692382462280734,0.307617537719266
"127",366004,166062,28862.8,22.8125,8.1255,6,2014,"2014-6",2014-06-01,"CFK2",12.6808209875688,18.4343168368973,20437.1423297028,45043.8742231247,0.687892103611206,0.312107896388794
"107",383944,170848,29519.2,21.375,8.1606,7,2014,"2014-7",2014-07-01,"CFK2",13.0065855443237,18.7942762676495,20935.7155111144,47048.5013356861,0.692050354006547,0.307949645993453
"31",390997,182261,28861.4,20.75,8.3164,8,2014,"2014-8",2014-08-01,"CFK2",13.5474024129114,19.8624460351889,21915.8530133231,47015.1748352653,0.682061131288181,0.317938868711819
"225",395573,196909,28280.6,19.875,8.4193,9,2014,"2014-9",2014-09-01,"CFK2",13.9874330813349,20.9501212845555,23387.8113382348,46984.0723100495,0.667654038434923,0.332345961565077
"206",401131,206872,27569.8,20.25,8.4803,10,2014,"2014-10",2014-10-01,"CFK2",14.5496521556196,22.0532249055126,24394.4200087261,47301.5105597679,0.659751678856848,0.340248321143152
"187",407830,215854,28477,20,8.514,11,2014,"2014-11",2014-11-01,"CFK2",14.3213821680655,21.9013238754082,25352.8306319004,47901.1040638948,0.653904862077591,0.346095137922409
"50",442497,221805,30232.8,20.375,8.5495,12,2014,"2014-12",2014-12-01,"CFK2",14.6363221401921,21.9728903707232,25943.6224340605,51757.0618164805,0.666108185734801,0.333891814265199
"69",453976,238115,31274.6,20.5625,8.6024,1,2015,"2015-1",2015-01-01,"CFK2",14.5158051581795,22.129491664162,27680.0660280852,52773.1795777922,0.6559484229675,0.3440515770325
"88",450670,262780,31350,20.625,8.6859,2,2015,"2015-2",2015-02-01,"CFK2",14.3754385964912,22.7575757575758,30253.629445423,51885.2392958703,0.63167706216273,0.36832293783727
"148",453065,270543,31431.5,21.875,8.779,3,2015,"2015-3",2015-03-01,"CFK2",14.4143613890524,23.0217457009688,30817.0634468618,51607.8141018339,0.62611939060928,0.37388060939072
"12",458015,264231,31998.8,20.5625,8.8657,4,2015,"2015-4",2015-04-01,"CFK2",14.3135055064565,22.5710339137718,29803.7380015114,51661.4593320324,0.634153737092348,0.365846262907652
"168",468116,272519,33796.2,20.4375,8.9487,5,2015,"2015-5",2015-05-01,"CFK2",13.8511430279144,21.9147418940591,30453.4736889157,52311.061941958,0.632046824684224,0.367953175315776
"128",488049,276772,33680,20.8125,9.0416,6,2015,"2015-6",2015-06-01,"CFK2",14.4907660332542,22.7084619952494,30610.9538134843,53978.1675809591,0.638121861193665,0.361878138806335
"108",517033,283762,33871.6,21.1875,9.1425,7,2015,"2015-7",2015-07-01,"CFK2",15.2644988722115,23.6420777288348,31037.6811594203,56552.6934645885,0.645649635674548,0.354350364325452
"32",526990,287230,33720.7,21.125,9.2433,8,2015,"2015-8",2015-08-01,"CFK2",15.6280860124493,24.1459993416507,31074.3998355566,57013.1879307174,0.647232934587704,0.352767065412296
"226",533353,286855,33423.3,21.125,9.3652,9,2015,"2015-9",2015-09-01,"CFK2",15.9575206517609,24.5400065223961,30629.8851065647,56950.5189424679,0.650265542399001,0.349734457600999
"207",544634,278089,28144.4,22.625,9.4896,10,2015,"2015-10",2015-10-01,"CFK2",19.3514162675346,29.2322096047526,29304.6071488788,57392.7246670039,0.661989515304665,0.338010484695335
"188",559688,272563,26193.2,23.875,9.6272,11,2015,"2015-11",2015-11-01,"CFK2",21.367683215491,31.7735519142373,28311.7625062323,58136.1143426957,0.672499041755432,0.327500958244568
"51",622263,257833,24815.6,27.25,11.4278,12,2015,"2015-12",2015-12-01,"CFK2",25.0754767162591,35.4654330340592,22561.910428954,54451.6879889393,0.707039913827582,0.292960086172418
"70",602926,337177,25967.8,26.3125,13.6548,1,2016,"2016-1",2016-01-01,"Macri",23.2182164064726,36.2026432735927,24692.9284940094,44154.875941061,0.641340363768651,0.358659636231349
"89",563460,388558,29359.2,26.25,14.8146,2,2016,"2016-2",2016-02-01,"Macri",19.1919398348729,32.4265647565329,26228.0453066569,38034.1014944717,0.591858557296186,0.408141442703814
"149",586879,391671,28861.9,30.75,14.9615,3,2016,"2016-3",2016-03-01,"Macri",20.3340389925819,33.9045592978979,26178.5917187448,39225.9465962637,0.599743498032804,0.400256501967196
"13",582322,428170,31015.5,30.5625,14.4095,4,2016,"2016-4",2016-04-01,"Macri",18.775193048637,32.5802260160242,29714.4245116069,40412.36684132,0.576275715196162,0.423724284803838
"169",584173,469647,31581.1,31.25,14.1377,5,2016,"2016-5",2016-05-01,"Macri",18.4975507502905,33.3686920341597,33219.4770012095,41320.2288915453,0.554338501831432,0.445661498168568
"129",618259,501273,31484.7,26.625,14.1408,6,2016,"2016-6",2016-06-01,"Macri",19.6368077193049,35.5579694264198,35448.7016293279,43721.6423398959,0.552247724942208,0.447752275057792
"109",671463,520376,33231.1,25.625,14.9094,7,2016,"2016-7",2016-07-01,"Macri",20.2058613768428,35.8651684717027,34902.5447033415,45036.2187613184,0.56338398055442,0.436616019445579
"33",675460,572098,32141.5,24,14.8498,8,2016,"2016-8",2016-08-01,"Macri",21.0151984194888,38.8145543922966,38525.6367089119,45486.1344933939,0.54142572930477,0.45857427069523
"227",681289,600212,30886.2,22.1875,15.1007,9,2016,"2016-9",2016-09-01,"Macri",22.0580388652537,41.4910542572411,39747.2964829445,45116.3853331303,0.53163360777713,0.46836639222287
"208",695131,624540,36430.2,21.9375,15.181,10,2016,"2016-10",2016-10-01,"Macri",19.0811744102421,36.2246432904568,41139.5823727027,45789.539556024,0.526745681309963,0.473254318690037
"189",718872,660680,37705.2,20.375,15.3399,11,2016,"2016-11",2016-11-01,"Macri",19.0655930746953,36.5878446474226,43069.3811563309,46862.8869810103,0.521090904873466,0.478909095126534
"52",787895,631226,37853.5,19.875,15.8296,12,2016,"2016-12",2016-12-01,"Macri",20.8143236424637,37.4898226055715,39876.3076767575,49773.5255470764,0.555199309995413,0.444800690004587
"71",815692,607210,41154,19.375,15.9065,1,2017,"2017-1",2017-01-01,"Macri",19.8204791757788,34.5750595324877,38173.7025744193,51280.4199541068,0.573259437403279,0.426740562596721
"90",829523,583255,48464.1,20.1875,15.5983,2,2017,"2017-2",2017-02-01,"Macri",17.1162365544805,29.151021065077,37392.2158183905,53180.3465762295,0.587157359471906,0.412842640528094
"150",793838,613991,51488,19.0625,15.5237,3,2017,"2017-3",2017-03-01,"Macri",15.417922622747,27.3428565879428,39551.8465314326,51137.1644646573,0.563873879569181,0.436126120430819
"14",792863,709741,50371.6,20,15.36,4,2017,"2017-4",2017-04-01,"Macri",15.7402782520309,29.8303806112968,46207.0963541667,51618.6848958333,0.527659316759439,0.472340683240561
"170",786917,792229,47707.3,20.0625,15.6981,5,2017,"2017-5",2017-05-01,"Macri",16.4946873958493,33.1007204348182,50466.5532771482,50128.1683770647,0.498318078252423,0.501681921747577
"130",810144,847758,45375.8,20.125,16.1166,6,2017,"2017-6",2017-06-01,"Macri",17.8540984401377,36.5371409429696,52601.5412680094,50267.6743233685,0.488656144934984,0.511343855065016
"110",852630,866720,47931.8,20.6875,17.169,7,2017,"2017-7",2017-07-01,"Macri",17.7883993507442,35.8707580353753,50481.6821014619,49661.0169491525,0.495902521301655,0.504097478698345
"34",862308,902239,48353.5,21.1875,17.417,8,2017,"2017-8",2017-08-01,"Macri",17.8334143340193,36.492642724932,51802.204742493,49509.5596256531,0.488685197957323,0.511314802042677
"228",872717,959054,50837.3,21.75,17.2465,9,2017,"2017-9",2017-09-01,"Macri",17.1668637004719,36.0320276647265,55608.6162409764,50602.557040559,0.476433462479753,0.523566537520247
"209",888003,1012850,51692,22,17.4528,10,2017,"2017-10",2017-10-01,"Macri",17.1787317186412,36.7726727540045,58033.6679501283,50880.2599009901,0.46716026962632,0.53283973037368
"190",906484,1042470,53992,23.3125,17.4925,11,2017,"2017-11",2017-11-01,"Macri",16.7892280337828,36.0970884575493,59595.2551093326,51821.294840646,0.46511308117072,0.53488691882928
"53",982661,1034310,55582,23.25,17.7001,12,2017,"2017-12",2017-12-01,"Macri",17.6794825662984,36.2882048145083,58435.2630776097,55517.2569646499,0.48719639499031,0.51280360500969
"72",1026680,1093190,60626,23.1875,19.029,1,2018,"2018-1",2018-01-01,"Macri",16.9346485006433,34.9663510704978,57448.6310368385,53953.4394870986,0.484312717289268,0.515687282710732
"91",1028710,1220110,62300,22.7812,19.8409,2,2018,"2018-2",2018-02-01,"Macri",16.5121990369181,36.0966292134831,61494.6902610265,51847.9504457963,0.457444348591706,0.542555651408294
"151",1022090,1273270,61756,22.8125,20.2378,3,2018,"2018-3",2018-03-01,"Macri",16.5504566357925,37.1682103763197,62915.4354722351,50504.0073525778,0.445285271155723,0.554714728844277
"15",1019740,1272980,60763,22.8157,20.2349,4,2018,"2018-4",2018-04-01,"Macri",16.7822523575202,37.7321725392097,62910.1206331635,50395.1094396315,0.44477302069158,0.55522697930842
"171",1023680,1188130,54009,28.2857,23.6687,5,2018,"2018-5",2018-05-01,"Macri",18.9538780573608,40.9526190079431,50198.3632392147,43250.3686303008,0.46282456449695,0.537175435503049
"131",1065530,1049820,53361,30.6,26.5342,6,2018,"2018-6",2018-06-01,"Macri",19.9683289293679,39.6422480838065,39564.7880848113,40156.8541731049,0.503713333490912,0.496286666509088
"111",1110740,1001920,60103,32.8,27.6347,7,2018,"2018-7",2018-07-01,"Macri",18.4806082891037,35.1506580370364,36255.8667182926,40193.6695531343,0.525754262399061,0.474245737600939
"35",1197100,920340,55910,35.16,37.125,8,2018,"2018-8",2018-08-01,"Macri",21.4111965659095,37.8722947594348,24790.303030303,32245.1178451178,0.565352501133444,0.434647498866556
"229",1270760,766575,50303,41.9,38.59,9,2018,"2018-9",2018-09-01,"Macri",25.2621116036817,40.501262350158,19864.6022285566,32929.774552993,0.623736400739201,0.376263599260799
"210",1252100,751058,48952,50.5,37.1202,10,2018,"2018-10",2018-10-01,"Macri",25.5781173394345,40.9208612518385,20233.1345197494,33730.9605012904,0.625063025482763,0.374936974517237
"191",1256260,769160,52631,51.4,36.459,11,2018,"2018-11",2018-11-01,"Macri",23.8692025612282,38.4834033174365,21096.5742340711,34456.7870758935,0.620246664889258,0.379753335110742
"54",1336800,737833,58978,48.6,37.8852,12,2018,"2018-12",2018-12-01,"Macri",22.6660788768693,35.1763878056224,19475.4943883099,35285.5468626271,0.644354929281468,0.355645070718532
"73",1345590,806152,66172,45.7,37.4069,1,2019,"2019-1",2019-01-01,"Macri",20.3347337242338,32.5174091760866,21550.8903437601,35971.7057548206,0.625349135723521,0.374650864276479
"92",1343230,884762,66984,37.58,38.408,2,2019,"2019-2",2019-02-01,"Macri",20.0529977308014,33.2615549982085,23035.8779420954,34972.661945428,0.602888161178317,0.397111838821683
"152",1314390,951857,67958,41.7,41.36,3,2019,"2019-3",2019-03-01,"Macri",19.3412107478148,33.3477589099149,23013.9506769826,31779.2553191489,0.579985323753324,0.420014676246676
"16",1324800,992903,72446,48.5,43.2328,4,2019,"2019-4",2019-04-01,"Macri",18.2867239047014,31.9921458741683,22966.4282674266,30643.4003811921,0.571600416446801,0.428399583553199
"172",1341850,1019240,64779,52.6,44.9332,5,2019,"2019-5",2019-05-01,"Macri",20.7142746877846,36.4483860510351,22683.4500992585,29863.2191786919,0.568318022608202,0.431681977391798
"132",1341940,1093370,64406,50.9,43.7894,6,2019,"2019-6",2019-06-01,"Macri",20.8356364313884,37.8118498276558,24968.8280725472,30645.3159897144,0.551034570547487,0.448965429452513
"112",1382950,1191880,66133,48.6,42.5234,7,2019,"2019-7",2019-07-01,"Macri",20.91164774016,38.9341176114799,28028.8029649558,32522.0937178118,0.537103420419989,0.462896579580011
"36",1325160,1233530,62325,55.4,52.7271,8,2019,"2019-8",2019-08-01,"Macri",21.2620938628159,41.0539911752908,23394.6111202778,25132.427157951,0.517905647030316,0.482094352969684
"230",1342100,1086200,50234.7,60,56.5014,9,2019,"2019-9",2019-09-01,"Macri",26.7165923156702,48.339096282052,19224.302406666,23753.3937212175,0.552691183132232,0.447308816867768
"211",1387780,1016910,46749,55.1,58.8308,10,2019,"2019-10",2019-10-01,"Macri",29.6857686795439,51.4383195362468,17285.3335327753,23589.3443570375,0.577113889940075,0.422886110059925
"192",1580780,796628,43502,46,59.7381,11,2019,"2019-11",2019-11-01,"Macri",36.3380993977288,54.6505448025378,13335.3421016068,26461.8392617107,0.664917422672087,0.335082577327913
"55",1715620,727777,44339,41.9539,59.8832,12,2019,"2019-12",2019-12-01,"Macri",38.6932497349963,55.1071742709578,12153.2750420819,28649.4375718064,0.702145414764772,0.297854585235228
"74",1689900,977989,45196,36.253,60.011,1,2020,"2020-1",2020-01-01,"Fernandez",37.3904770333658,59.029316753695,16296.828914699,28159.8373631501,0.633422155119647,0.366577844880353
"93",1860020,1362050,44791,33.587,61.3484,2,2020,"2020-2",2020-02-01,"Fernandez",41.5266459779866,71.9356567167511,22201.883015694,30318.9651237848,0.577274857467404,0.422725142532596
"153",1920230,1471880,44263,29.566,63.1227,3,2020,"2020-3",2020-03-01,"Fernandez",43.3822831710458,76.6353387705307,23317.760488699,30420.5935424182,0.566087184672667,0.433912815327333
"17",2147120,1195540,43725,19.9844,65.762,4,2020,"2020-4",2020-04-01,"Fernandez",49.1050886220698,76.4473413379074,18179.7998844317,32649.8585809434,0.642338736216068,0.357661263783933
"173",2221680,1225370,43084,23.4375,67.5525,5,2020,"2020-5",2020-05-01,"Fernandez",51.5662426887011,80.0076594559465,18139.5211132082,32888.1980681692,0.644516325553734,0.355483674446266
"133",2159030,1613420,43037,29.5357,69.5407,6,2020,"2020-6",2020-06-01,"Fernandez",50.1668331900458,87.6559704440365,23201.0894339574,31046.9983764903,0.572315073758433,0.427684926241567
"113",2315230,1659950,43312.8,29.5327,71.4749,7,2020,"2020-7",2020-07-01,"Fernandez",53.4537134519126,91.7784119244196,23224.2367600374,32392.2104123266,0.582421424941764,0.417578575058236
"37",2333890,1777840,43152.6,28.5844,73.293,8,2020,"2020-8",2020-08-01,"Fernandez",54.084574278259,95.2834823394187,24256.6138648984,31843.2865348669,0.567617523524161,0.432382476475839
"231",2317900,1802770,42344,29.747,75.1986,9,2020,"2020-9",2020-09-01,"Fernandez",54.7397506140185,97.3141413187228,23973.4516334081,30823.7121435771,0.562505611951455,0.437494388048546
"212",2311440,1671740,40739,30.6964,77.5693,10,2020,"2020-10",2020-10-01,"Fernandez",56.7377697047056,97.7731412160338,21551.5674371175,29798.3867328956,0.580300162181975,0.419699837818025
"193",2345520,1599500,39161,32.9408,79.9332,11,2020,"2020-11",2020-11-01,"Fernandez",59.8942825770537,100.73848982406,20010.4587330421,29343.5018240231,0.594552118873922,0.405447881126078
"56",2433020,1603960,38878,34.2153,82.6379,12,2020,"2020-12",2020-12-01,"Fernandez",62.5808940789135,103.837131539688,19409.4961270797,29441.9388682433,0.602683193872647,0.397316806127353
"75",2603550,1672280,39641,34.1219,85.9708,1,2021,"2021-1",2021-01-01,"Fernandez",65.6782119522716,107.863827854999,19451.7208168355,30284.1197243715,0.608899324809452,0.391100675190548
"94",2592890,1760090,39381,34.1007,88.6746,2,2021,"2021-2",2021-02-01,"Fernandez",65.8411416673015,110.535029582794,19848.8631468312,29240.5040451268,0.595658606288106,0.404341393711894
"154",2523570,1839940,39708,34.068,91.0664,3,2021,"2021-3",2021-03-01,"Fernandez",63.5531882744031,109.889946610255,20204.378343714,27711.3183347535,0.57833487261402,0.421665127385981
"18",2545890,1914080,40071,34.097,92.8638,4,2021,"2021-4",2021-04-01,"Fernandez",63.5344763045594,111.301689501135,20611.6915310379,27415.3114561325,0.570831193931798,0.429168806068202
"174",2540330,2003950,41092,33.319,94.1048,5,2021,"2021-5",2021-05-01,"Fernandez",61.8205490119731,110.587948992505,21294.8755005058,26994.691025325,0.559017050005722,0.440982949994279
"134",2701960,1989220,42417,34.119,95.2543,6,2021,"2021-6",2021-06-01,"Fernandez",63.6999316311856,110.596694721456,20883.2567138701,28365.7535670306,0.575965961655703,0.424034038344297
"114",2864200,NA,42843,34.131,96.2378,7,2021,"2021-7",2021-07-01,"Fernandez",66.853394953668,NA,NA,29761.6944693249,NA,NA
